{
    "Position": {
        "x": 12.751,
        "y": 0.328599274,
        "z": -6.528
    },
    "Rotation": {
        "x": -2.7548931E-05,
        "y": -4.46963744E-10,
        "z": -2.54760639E-08
    },
    "Objects": [
        {
            "Position": {
                "x": 1756.8,
                "y": 194.399963
            },
            "Size": {
                "x": 153.599976,
                "y": 712.800049
            },
            "Class": "PC Tower",
            "Id": 2
        },
        {
            "Position": {
                "x": 1593.6001,
                "y": 21.5999756
            },
            "Size": {
                "x": 316.799927,
                "y": 842.4
            },
            "Class": "Desk",
            "Id": 9
        }
    ]
}